target,best_model,test_r2,test_mae,test_rmse,train_r2,train_mae,train_rmse,val_r2,val_mae,val_rmse,cv_r2_mean,cv_r2_std
Ecorr,GradientBoosting,-1.3050708404788591,12.888675737196905,14.323103881583016,-38.03289562128048,465.1052941176471,471.1801350364223,-0.5531516398201328,409.8766666666667,431.040125935703,-2.077371126365395,2.522481782996284
