target,best_model,test_r2,test_mae,test_rmse,train_r2,train_mae,train_rmse,val_r2,val_mae,val_rmse,cv_r2_mean,cv_r2_std
IE,SVR,0.9748911449269534,2.4490089783144344,3.4155790280790406,0.9244417818689458,2.6298759351992813,9.78733745611457,0.7737063890085629,7.654487924512107,16.34696057912116,0.4894403235749795,0.5742608832944177
