train_r2,train_mae,train_rmse,val_r2,val_mae,val_rmse,cv_r2_mean,cv_r2_std
0.7325217798741709,13.350553479336108,16.19139114325676,0.4877813580123539,16.00312466839574,18.08671287688644,-0.05085861489613534,0.31776026160101356
