target,best_model,test_r2,test_mae,test_rmse,train_r2,train_mae,train_rmse,val_r2,val_mae,val_rmse,cv_r2_mean,cv_r2_std
Icorr,Ridge,0.5598026771779567,77.1323117751485,89.22718934023139,-0.3450034032530722,317.05758823529413,576.2963972994228,0.19408013953038572,91.20177666666666,117.3827505997494,-220.9472321034447,438.2806871134248
