train_r2,train_mae,train_rmse,val_r2,val_mae,val_rmse,cv_r2_mean,cv_r2_std
0.6583782868934157,22.382958253102824,23.951872096939336,-19.487540201359902,16.937380813837475,17.967101476948873,0.16742694409467074,0.1981321067945887
